<?xml version="1.0" encoding="UTF-8"?>
<beans xmlns="http://www.springframework.org/schema/beans"
	xmlns:xsi="http://www.w3.org/2001/XMLSchema-instance"
	xmlns:mvc="http://www.springframework.org/schema/mvc"
	xmlns:context="http://www.springframework.org/schema/context"
	xsi:schemaLocation="http://www.springframework.org/schema/mvc http://www.springframework.org/schema/mvc/spring-mvc.xsd
		http://www.springframework.org/schema/beans http://www.springframework.org/schema/beans/spring-beans.xsd
		http://www.springframework.org/schema/context http://www.springframework.org/schema/context/spring-context.xsd">

	<context:component-scan
		base-package="com.coderby.myapp.hr.controller" />

	<mvc:annotation-driven />
<!-- 	<bean id="jacksonMessageConverter" -->
<!-- 		class="org.springframework.http.converter.json.MappingJacksonHttpMessageConverter" /> -->

	<bean
		class="org.springframework.web.servlet.view.InternalResourceViewResolver">
		<property name="prefix" value="/WEB-INF/views/" />
		<property name="suffix" value=".jsp" />
	</bean>

	<mvc:view-controller path="/" view-name="home" />

	<mvc:resources location="/WEB-INF/resources/"
		mapping="/**" />
	<mvc:resources location="/WEB-INF/resources/img/"
		mapping="/img/**" />
	<mvc:resources location="/WEB-INF/resources/js/"
		mapping="/js/**" />
	<mvc:resources location="/WEB-INF/resources/css/"
		mapping="/css/**" />

	<bean id="exceptionResolver"
		class="org.springframework.web.servlet.handler.SimpleMappingExceptionResolver">
		<property name="exceptionMappings">
			<props>
				<prop key="java.lang.RuntimeException">
					error/runtime
				</prop>
			</props>
		</property>
		<property name="defaultErrorView" value="error/default" />
	</bean>
</beans>